116;Blattspinat;;
116;Risottoreis;;
116;Salz;;
116;Knoblauch;;
116;Bratöl;;
116;schwarzer Pfeffer;;
116;Oregano;;
116;Parmesan;;
116;Suppengewürz;;
116;Weißwein;0;
116;Wasser;1;
117;Butter;150;g
117;Knoblauch;1;Zehe
117;Schnittlauch;1;el
117;Petersilie;1;el
117;Salz;1;Priese
117;Zitronensaft;1;tl
118;Faschiertes;250;g
118;Bratöl;;
118;Zwiebel;1;Stück
118;Knoblauch;2;Zehe
118;Paprika;2;Stück
118;Tomatensauce;;
118;Salz;;
118;schwarzer Pfeffer;;
118;Basilikum;;
118;Oregano;;
118;Suppengewürz;;
118;Reis;1;Tasse
118;Mozzarella;;
119;Sesamöl;;
119;Tofu;300;g
119;Stärkemehl;2;el
119;Paprika;2;Stück
119;Sojasauce;1;
119;Ahornsirup;4;el
119;Knoblauch;4;Zehe
119;Chillipulver;2;tl
119;Ingwer;1;el
119;Wasser;1;
119;Sesam;;
119;Cashewkerne;;
120;Faschiertes;250;g
120;Bratöl;;
120;Basmatireis;3;
120;Salz;;
120;schwarzer Pfeffer;;
120;Majoran ;;
120;Tomaten;;
120;Mais;;
120;Creme Fraiche;1;
121;Zwiebel;;
121;Hokkaido-Kürbis;;
121;Wasser;;
121;Suppengewürz;;
121;Muskatnuss;;
121;Thymian;;
121;Schlagobers;;
121;Salz;;
121;schwarzer Pfeffer;;
121;Bratöl;;
121;Kürbiskernöl;;
122;Magertopfen;250;g
122;Mehl;30;g
122;Gries;50;g
122;Semmelbrösel;20;g
122;Ei;1;
122;Salz;;
122;Zucker;;
122;Vanilleextrakt;;
123;Zartbitter Schokolade;100;g
123;Butter;125;g
123;Mehl Glutenfrei;250;g
123;Backpulver;2;tl
123;Salz;1;Priese
123;Kakaopulver;2;tl
123;Ei;3;
123;Rohrzucker;100;g
123;Kristallzucker;100;g
123;Staubzucker;75;g
124;Mehl Glutenfrei;600;g
124;Zucker;220;g
124;Vanillezucker;2;Packung
124;Dotter;4;
124;Butter;400;g
126;Rohrzucker;500;g
126;Speisesoda;1;el
126;Rum;1;el
126;Zimt;1;tl
126;geriebene Gewürznelken;10;g
126;Ei;4;
126;Honig;6;el
126;Lebkuchengewürz;;
126;Erdmandeln;180;g
126;Roggenmehl;800;g
127;Mehl Glutenfrei;280;g
127;Butter;210;g
127;Walnüsse;140;g
127;Staubzucker;210;g
127;Vanillezucker;;
128;Chremespinat gefroren;;
128;Mascarpone;;
128;Schwammerl;;
128;Mehl Glutenfrei;;
128;Wasser;;
128;Salz;;
128;schwarzer Pfeffer;;
128;Knoblauch;;
128;Brokkoli;;
128;Schinken;;
129;Lachs;;
129;Lauch;;
129;Schlagobers;;
129;Salz;;
129;weißer Pfeffer;;
129;Nudeln;;
129;Bratöl;;
130;Erdäpfel;8;
130;Knoblauch;5;
130;Zitrone;1;
130;Olivenöl;125;ml
130;Wasser;125;ml
130;Rosmarin;bissi;
130;Oregano;1;tl
130;Salz;;
130;schwarzer Pfeffer;;
130;Gries;;
131;Wasser;;
132;Erbsen;600;g
132;Zwiebel;160;g
132;Olivenöl;3;tl
132;geschnittene Tomaten (Dose);200;g
132;schwarzer Pfeffer;4;
132;Salz;1;tl
132;Wasser;1;
132;gefrorener Dill;24;g
133;Erdäpfel;4;
133;Parmesan;viel;
133;Zwiebel;2;
134;große Tomaten;5;
134;kleine Tomaten;2;
134;Zwiebel;1;
134;Knoblauch;ganze Knolle;
134;Tomatenmark;;
134;Thymian;;
134;Suppengewürz;;
134;Wasser;150;ml
134;Schlagobers;75;ml
136;Spaghetti;200;g
136;Salz;;
136;Bratöl;;
136;Butter;;
136;Zwiebel;1;
136;Champignon;;
136;Schlagobers;100;g
136;Tomatenmark;1;el
136;weißer Pfeffer;;
136;Thymian;;
136;Oregano;;
136;frisches Basilikum Blatt;;
137;Paprika;2;
137;Zucchini;2;
137;Champignon;8;
137;rote Zwiebel;2;
137;Karotten;2;
137;Knoblauch;2;
137;Olivenöl;120;ml
137;Balsamico;3;el
137;Italienische Gewürzmischung;2;el
137;Salz;;
137;schwarzer Pfeffer;;
138;Rotwein;1;Flasche
138;Zitronenlimonade;1;Flasche
138;Zitrone;1;
138;Orange;1;
138;Eiswürfel;;
139;Tunfisch;1;dose
139;Cheddar;;
139;Ei;1;
139;Salz;;
139;schwarzer Pfeffer;;
140;Mehl Glutenfrei;100;g
140;Butter;200;g
140;Ei;3;
140;Staubzucker;300;g
140;Zartbitter Schokolade;200;g
140;Milchschokolade;100;g
140;Kakaopulver;50;g
140;Vanillezucker;1;tl
140;Sriracha Sauce;2;el
141;Hühnerbrust;2;
141;Butter;;
141;Zwiebel;1;
141;Knoblauch;2;
141;Champignon;300;g
141;Mehl;1;tl
141;Gemüsebrühe;100;ml
141;Schlagobers;200;ml
141;Salz;;
141;Thymian;;
141;Olivenkraut;;
142;Reis;;
142;Erbsen;;
142;Salz;;
143;Erdäpfel;;
143;Lauch;;
143;Mehl Glutenfrei;;
143;Bratöl;;
143;Suppengewürz;;
143;Wasser;;
143;Muskatnuss;;
143;Schlagobers;;
143;Wurst;;
144;Banane;1;
144;Ei;1;
144;Haferflocken;40;g
144;Joghurt;60;g
144;Proteinpulver;35;g
144;Mehl;60;g
144;Kakaopulver;35;g
144;Backpulver;1;tl
144;Süßungsmittel;1;tl
145;Salz;;
145;schwarzer Pfeffer;;
145;Kräuter-Gewürzmischung;;
145;Brokkoli;1;
145;Lauch;1;
145;Knoblauch;;
145;Suppengewürz;;
145;Nudeln;;
145;Semmelbrösel;;
145;Parmesan;;
146;Huhn;1;
146;Bratöl;;
146;rote Zwiebel;1;
146;Zitrone;1;
146;Rosmarin;;
146;Knoblauch;2;
148;Erdäpfel;1;
148;Olivenöl;3;el
148;Salz;1;Priese
148;Paprikapulver;1;
148;Zwiebel;1;
148;Thymian;;
148;Rosmarin;;
148;Salbei;;
148;Petersilie;;
149;Hühnerbrust;600;g
149;Ananas;1;Dose
149;rote Zwiebel;1;
149;Ingwer;1;
149;Kokosmilch;1;Dose
149;Hühnerbrühe;100;ml
150;Karotten;175;g
150;Ei;1;
150;Käse;50;g
150;Mehl;40;g
150;Salz;;
150;schwarzer Pfeffer;;
150;Paprikapulver;;
150;Sauce Tartare;;
151;Butter;280;g
151;Erdmandeln;20;g
151;Rohrzucker;280;g
151;Ei;4;
151;Vanillepuddingpulver;2;Packung
151;Vanillezucker;2;tl
151;Backpulver;2;tl
151;Magertopfen;1000;g
152;Basmatireis;0.5;Tasse
152;Wasser;;